ticker,date,signal,report_status,pullback,revenue_yoy,eps_growth_yoy,falling_score,falling_risk,confirmations_total,dist_sma50,volume_ratio,initial_weight,confirmation_weight,current_cash_weight,reason
UBER,2026-10-09,ENTRADA_FORTE,ENTRADA_FORTE,0.2856143533836518,0.12172950754881029,0.857142857142857,1,BAIXO,1,-0.02148327469156719,0.9613368026045684,1.0,0.0,0.0,fundamentos aprovados | queda 28.6% | Falling Score 1 | 1 confirmações | queda estabilizada
CAT,2026-10-09,ENTRADA_PARCIAL,ENTRADA_PARCIAL,0.24692001431408395,0.23984549459834636,0.6818181818181817,2,MODERADO,2,-0.026186800652741926,0.7495416841361054,0.6,0.4,0.4,fundamentos aprovados | queda 24.7% | Falling Score 2 | 2 confirmações | entrada escalonada por risco
HOOD,2026-10-09,ENTRADA_PARCIAL,ENTRADA_PARCIAL,0.2849272475261516,0.3225480283114257,0.4761904761904763,2,MODERADO,1,0.016658929170715986,0.6202344585901876,0.6,0.4,0.4,fundamentos aprovados | queda 28.5% | Falling Score 2 | 1 confirmações | entrada escalonada por risco
AVGO,2026-10-09,ENTRADA_PARCIAL,ENTRADA_PARCIAL,0.24668982585714805,0.8550025075225678,2.1529411764705886,2,MODERADO,1,-0.026517053639626975,0.6938026721734233,0.6,0.4,0.4,fundamentos aprovados | queda 24.7% | Falling Score 2 | 1 confirmações | entrada escalonada por risco
GE,2026-10-09,AGUARDAR,PROXIMO_DO_GATILHO,0.19031358588345204,0.21101333575251746,0.1957671957671958,1,BAIXO,2,-0.08336974178076406,0.6294559880156463,0.0,0.0,1.0,fundamentos aprovados | queda 19.0% | Falling Score 1 | 2 confirmações | condições insuficientes para entrada
UNH,2026-10-09,AGUARDAR,AGUARDAR,0.36370283331350384,0.003727064220183429,0.6149732620320856,0,BAIXO,3,-0.021704218353209348,1.4809750385758442,0.0,0.0,1.0,fundamentos não aprovados | queda 36.4% | Falling Score 0 | 3 confirmações | condições insuficientes para entrada
PYPL,2026-10-09,AGUARDAR,AGUARDAR,0.81801036364782,0.07213451418303163,-0.06201550387596899,0,BAIXO,1,-0.011821406169443827,1.0016086723870476,0.0,0.0,1.0,fundamentos não aprovados | queda 81.8% | Falling Score 0 | 1 confirmações | condições insuficientes para entrada
ADBE,2026-10-09,AGUARDAR,AGUARDAR,0.6480526374029172,0.12892451569806274,0.10526315789473695,1,BAIXO,2,-0.06052763900444358,0.7452810395652129,0.0,0.0,1.0,fundamentos aprovados | queda 64.8% | Falling Score 1 | 2 confirmações | condições insuficientes para entrada
MELI,2026-10-09,AGUARDAR,AGUARDAR,0.27692517291228336,0.46887362065375804,-0.10863239573229888,1,BAIXO,2,0.014759089312982088,0.46301898752413057,0.0,0.0,1.0,fundamentos não aprovados | queda 27.7% | Falling Score 1 | 2 confirmações | condições insuficientes para entrada
MU,2026-10-09,AGUARDAR,AGUARDAR,0.1519510903218375,3.457155144608107,13.68452380952381,1,BAIXO,2,0.05410217851007304,0.7690126572864228,0.0,0.0,1.0,fundamentos aprovados | queda 15.2% | Falling Score 1 | 2 confirmações | condições insuficientes para entrada
JPM,2026-10-09,AGUARDAR,AGUARDAR,0.08359917546386875,0.46689397779108877,0.4694656488549618,1,BAIXO,2,-0.04460813130398211,0.5813006890576359,0.0,0.0,1.0,fundamentos aprovados | queda 8.4% | Falling Score 1 | 2 confirmações | condições insuficientes para entrada
MA,2026-10-09,AGUARDAR,AGUARDAR,0.01638196597858199,0.14066150252059506,0.22113022113022107,1,BAIXO,2,0.0312980799149869,0.8528945979236319,0.0,0.0,1.0,fundamentos aprovados | queda 1.6% | Falling Score 1 | 2 confirmações | condições insuficientes para entrada
MSFT,2026-10-09,AGUARDAR,AGUARDAR,0.004792026699667051,0.18297034224873698,0.23410404624277437,1,BAIXO,2,0.06973672181498358,0.8327491408315417,0.0,0.0,1.0,fundamentos aprovados | queda 0.5% | Falling Score 1 | 2 confirmações | condições insuficientes para entrada
NKE,2026-10-09,AGUARDAR,AGUARDAR,0.7856981356363488,-0.043259385665529004,-0.020408163265306145,1,BAIXO,1,-0.08559972187815346,0.5711207987595449,0.0,0.0,1.0,fundamentos não aprovados | queda 78.6% | Falling Score 1 | 1 confirmações | condições insuficientes para entrada
ORCL,2026-10-09,AGUARDAR,AGUARDAR,0.5628162011617549,0.453746148643571,0.5145631067961165,1,BAIXO,1,-0.0263073813940492,0.7570834398094521,0.0,0.0,1.0,fundamentos aprovados | queda 56.3% | Falling Score 1 | 1 confirmações | condições insuficientes para entrada
BA,2026-10-09,AGUARDAR,AGUARDAR,0.5575877282878737,0.07960789485252096,,1,BAIXO,1,-0.09242775259014213,0.5555537354881476,0.0,0.0,1.0,fundamentos não aprovados | queda 55.8% | Falling Score 1 | 1 confirmações | condições insuficientes para entrada
SOFI,2026-10-09,AGUARDAR,AGUARDAR,0.509469089108062,0.011106721969846634,0.5,1,BAIXO,1,-0.09160944519302472,0.621051999104573,0.0,0.0,1.0,fundamentos não aprovados | queda 50.9% | Falling Score 1 | 1 confirmações | condições insuficientes para entrada
DIS,2026-10-09,AGUARDAR,AGUARDAR,0.4480612912835623,0.06756871035940804,-0.48287671232876705,1,BAIXO,1,0.027622676745802766,0.7892544991403269,0.0,0.0,1.0,fundamentos não aprovados | queda 44.8% | Falling Score 1 | 1 confirmações | condições insuficientes para entrada
PFE,2026-10-09,AGUARDAR,AGUARDAR,0.40366876355804204,0.026001501399030902,,1,BAIXO,1,0.023962487341409933,0.695090939725487,0.0,0.0,1.0,fundamentos não aprovados | queda 40.4% | Falling Score 1 | 1 confirmações | condições insuficientes para entrada
NOW,2026-10-09,AGUARDAR,AGUARDAR,0.39823478136617907,0.2401244167962675,-0.8423913043478262,1,BAIXO,1,0.06531180339881315,0.5658189193757395,0.0,0.0,1.0,fundamentos não aprovados | queda 39.8% | Falling Score 1 | 1 confirmações | condições insuficientes para entrada
CRM,2026-10-09,AGUARDAR,AGUARDAR,0.368058901800285,0.1083431027745212,1.1887755102040818,1,BAIXO,1,0.019381545626685925,0.4330117066201807,0.0,0.0,1.0,fundamentos aprovados | queda 36.8% | Falling Score 1 | 1 confirmações | condições insuficientes para entrada
MCD,2026-10-09,AGUARDAR,AGUARDAR,0.2967774723309715,0.03741049247406103,0.0573248407643312,1,BAIXO,1,-0.07684526783351986,0.9031056154004801,0.0,0.0,1.0,fundamentos não aprovados | queda 29.7% | Falling Score 1 | 1 confirmações | condições insuficientes para entrada
WMT,2026-10-09,AGUARDAR,AGUARDAR,0.16828185010906183,0.05889046941678511,-0.09090909090909083,1,BAIXO,1,0.026974692004246403,0.5235718159016255,0.0,0.0,1.0,fundamentos não aprovados | queda 16.8% | Falling Score 1 | 1 confirmações | condições insuficientes para entrada
COST,2026-10-09,AGUARDAR,AGUARDAR,0.13331977347703283,0.11584526540621787,0.1518691588785046,1,BAIXO,1,0.01663360186957763,0.630907674965837,0.0,0.0,1.0,fundamentos aprovados | queda 13.3% | Falling Score 1 | 1 confirmações | condições insuficientes para entrada
GOOGL,2026-10-09,AGUARDAR,AGUARDAR,0.1254874985077835,0.2423362508814868,2.9437229437229435,1,BAIXO,1,0.01595075290145842,0.6471751937798469,0.0,0.0,1.0,fundamentos aprovados | queda 12.5% | Falling Score 1 | 1 confirmações | condições insuficientes para entrada
GM,2026-10-09,AGUARDAR,AGUARDAR,0.08193702410286485,0.020830903450045568,-0.26178010471204194,1,BAIXO,1,-0.02371376326421215,0.8518148156761213,0.0,0.0,1.0,fundamentos não aprovados | queda 8.2% | Falling Score 1 | 1 confirmações | condições insuficientes para entrada
LLY,2026-10-09,AGUARDAR,AGUARDAR,0.07893992922755255,0.47669642684972713,0.26232114467408585,1,BAIXO,1,0.004804574664217576,0.6058601442731397,0.0,0.0,1.0,fundamentos aprovados | queda 7.9% | Falling Score 1 | 1 confirmações | condições insuficientes para entrada
AMZN,2026-10-09,AGUARDAR,AGUARDAR,0.0760157635836376,0.19620517346245125,2.422619047619048,1,BAIXO,1,0.012869354051603832,0.946799680422205,0.0,0.0,1.0,fundamentos aprovados | queda 7.6% | Falling Score 1 | 1 confirmações | condições insuficientes para entrada
JNJ,2026-10-09,AGUARDAR,AGUARDAR,0.06102068987287246,0.06599839952828201,-0.008733624454148492,1,BAIXO,1,-0.013046768445282853,0.8454511964551882,0.0,0.0,1.0,fundamentos não aprovados | queda 6.1% | Falling Score 1 | 1 confirmações | condições insuficientes para entrada
SHOP,2026-10-09,AGUARDAR,AGUARDAR,0.04558398220055082,0.33694029850746277,0.681159420289855,1,BAIXO,1,0.1797778802714689,0.6948724355237222,0.0,0.0,1.0,fundamentos aprovados | queda 4.6% | Falling Score 1 | 1 confirmações | condições insuficientes para entrada
CVX,2026-10-09,AGUARDAR,AGUARDAR,0.026587722970688676,0.5143436619718309,3.2137931034482765,1,BAIXO,1,0.03996984893740452,0.6610036892082133,0.0,0.0,1.0,fundamentos aprovados | queda 2.7% | Falling Score 1 | 1 confirmações | condições insuficientes para entrada
AAPL,2026-10-09,AGUARDAR,AGUARDAR,0.012988514324480449,0.16356501765281384,0.286624203821656,1,BAIXO,1,0.04430944592701214,0.9854076113659629,0.0,0.0,1.0,fundamentos aprovados | queda 1.3% | Falling Score 1 | 1 confirmações | condições insuficientes para entrada
XOM,2026-10-09,AGUARDAR,AGUARDAR,0.0022442999431535604,,,1,BAIXO,1,0.04705599180991871,0.6025643797059036,0.0,0.0,1.0,fundamentos não aprovados | queda 0.2% | Falling Score 1 | 1 confirmações | condições insuficientes para entrada
V,2026-10-09,AGUARDAR,AGUARDAR,-0.0034102085402185622,,,1,BAIXO,1,0.04278574526181078,0.9586046778679093,0.0,0.0,1.0,fundamentos não aprovados | queda -0.3% | Falling Score 1 | 1 confirmações | condições insuficientes para entrada
NVDA,2026-10-09,AGUARDAR,AGUARDAR,0.04163186124885698,1.0585114348672526,1.2777777777777777,2,MODERADO,2,0.03307054133888765,0.7743783887649036,0.0,0.0,1.0,fundamentos aprovados | queda 4.2% | Falling Score 2 | 2 confirmações | condições insuficientes para entrada
NFLX,2026-10-09,AGUARDAR,AGUARDAR,0.47503225228637436,0.13365374252899542,-0.8887343532684284,2,MODERADO,1,-0.06672574997125647,0.7777510146616553,0.0,0.0,1.0,fundamentos não aprovados | queda 47.5% | Falling Score 2 | 1 confirmações | condições insuficientes para entrada
SBUX,2026-10-09,AGUARDAR,AGUARDAR,0.186385864485334,-0.014096869712351912,0.8571428571428572,2,MODERADO,1,-0.10273832850845455,1.4852206960873813,0.0,0.0,1.0,fundamentos não aprovados | queda 18.6% | Falling Score 2 | 1 confirmações | condições insuficientes para entrada
META,2026-10-09,AGUARDAR,AGUARDAR,0.08658927927702198,0.27959003283104633,-0.134453781512605,2,MODERADO,1,0.1239758779604605,0.5754963759538931,0.0,0.0,1.0,fundamentos não aprovados | queda 8.7% | Falling Score 2 | 1 confirmações | condições insuficientes para entrada
AMD,2026-10-09,AGUARDAR,AGUARDAR,0.06362601769513943,0.5011060507482108,1.5555555555555554,2,MODERADO,1,0.14969905877555578,0.6112399430555614,0.0,0.0,1.0,fundamentos aprovados | queda 6.4% | Falling Score 2 | 1 confirmações | condições insuficientes para entrada
F,2026-10-09,AGUARDAR,AGUARDAR,0.3444916043031927,0.06379891290981088,4.25,3,ALTO,1,-0.09868756956261526,0.6100170434245367,0.0,0.0,1.0,fundamentos não aprovados | queda 34.4% | Falling Score 3 | 1 confirmações | condições insuficientes para entrada
QCOM,2026-10-09,AGUARDAR,AGUARDAR,0.29445106820268063,-0.04032802701398941,-0.2304526748971194,3,ALTO,1,0.016267315013134942,0.5492142854809337,0.0,0.0,1.0,fundamentos não aprovados | queda 29.4% | Falling Score 3 | 1 confirmações | condições insuficientes para entrada
INTC,2026-10-09,AGUARDAR,AGUARDAR,0.2571307284334007,0.25421883505715837,,4,ALTO,1,0.015710005743609923,0.6802161055273088,0.0,0.0,1.0,fundamentos não aprovados | queda 25.7% | Falling Score 4 | 1 confirmações | condições insuficientes para entrada
